,precision,recall,f1-score,support
0,0.41379310344827586,0.631578947368421,0.5,76.0
1,0.12222222222222222,0.13414634146341464,0.12790697674418605,82.0
2,0.07228915662650602,0.08,0.0759493670886076,75.0
3,0.08235294117647059,0.09722222222222222,0.08917197452229299,72.0
4,0.10344827586206896,0.08450704225352113,0.09302325581395349,71.0
5,0.11864406779661017,0.07368421052631578,0.0909090909090909,95.0
6,0.06,0.045454545454545456,0.05172413793103448,66.0
7,0.12244897959183673,0.07692307692307693,0.09448818897637797,78.0
8,0.07142857142857142,0.11290322580645161,0.08750000000000001,62.0
9,0.1485148514851485,0.1744186046511628,0.16042780748663102,86.0
10,0.03333333333333333,0.025974025974025976,0.029197080291970802,77.0
11,0.047619047619047616,0.027777777777777776,0.03508771929824561,72.0
12,0.02564102564102564,0.014285714285714285,0.01834862385321101,70.0
13,0.027777777777777776,0.013333333333333334,0.018018018018018018,75.0
14,0.0,0.0,0.0,62.0
15,0.1111111111111111,0.024096385542168676,0.039603960396039604,83.0
16,0.13793103448275862,0.047058823529411764,0.07017543859649122,85.0
17,0.0,0.0,0.0,61.0
18,0.0,0.0,0.0,54.0
19,0.021739130434782608,0.018867924528301886,0.020202020202020204,53.0
20,0.10344827586206896,0.05454545454545454,0.07142857142857142,55.0
21,0.0,0.0,0.0,43.0
22,0.03076923076923077,0.041666666666666664,0.03539823008849558,48.0
23,0.02564102564102564,0.02127659574468085,0.023255813953488372,47.0
24,0.05,0.045454545454545456,0.04761904761904762,44.0
25,0.0,0.0,0.0,32.0
26,0.037037037037037035,0.06666666666666667,0.047619047619047616,30.0
27,0.017543859649122806,0.04,0.024390243902439022,25.0
28,0.043478260869565216,0.09375,0.0594059405940594,32.0
29,0.013513513513513514,0.034482758620689655,0.01941747572815534,29.0
30,0.02666666666666667,0.06666666666666667,0.0380952380952381,30.0
31,0.030612244897959183,0.15,0.05084745762711864,20.0
32,0.011764705882352941,0.043478260869565216,0.018518518518518517,23.0
accuracy,0.07841087297438579,0.07841087297438579,0.07841087297438579,0.07841087297438579
macro avg,0.06396271063109363,0.07091575202650913,0.061749371069768196,1913.0
weighted avg,0.07825870381957466,0.07841087297438579,0.0729162223735763,1913.0
